{
  "age": {
    "precision": 1.0,
    "recall": 1.0,
    "f1-score": 1.0,
    "support": 8,
    "confused_with": {}
  },
  "symptom": {
    "precision": 1.0,
    "recall": 1.0,
    "f1-score": 1.0,
    "support": 1,
    "confused_with": {}
  },
  "disease": {
    "precision": 1.0,
    "recall": 1.0,
    "f1-score": 1.0,
    "support": 10,
    "confused_with": {}
  },
  "location": {
    "precision": 1.0,
    "recall": 0.8571428571428571,
    "f1-score": 0.923076923076923,
    "support": 7,
    "confused_with": {}
  },
  "micro avg": {
    "precision": 1.0,
    "recall": 0.9615384615384616,
    "f1-score": 0.9803921568627451,
    "support": 26
  },
  "macro avg": {
    "precision": 1.0,
    "recall": 0.9642857142857143,
    "f1-score": 0.9807692307692307,
    "support": 26
  },
  "weighted avg": {
    "precision": 1.0,
    "recall": 0.9615384615384616,
    "f1-score": 0.9792899408284023,
    "support": 26
  },
  "accuracy": 0.9945054945054945
}